Name,tuber_shape
P1PEM01,3.59
P1PEM02,4.07
P1PEM03,2.81
P1PEM04,2.81
P1PEM05,3.73
P1PEM06,4.73
P1PEM07,4.85
P1PEM08,4.46
P1PEM09,2.54
P1PEM10,5
P1PEM11,5
P1PEM12,5
P2PEM01,2.41
P2PEM02,4.46
P2PEM03,2.68
P2PEM04,4.86
P2PEM05,2.54
P2PEM06,4.07
P2PEM07,5
P2PEM08,2.54
P2PEM09,2
P2PEM10,2
P2PEM11,3.32
P2PEM12,5
P3PEM01,4.32
P3PEM02,3.7
P3PEM03,3.46
P3PEM04,3.05
P3PEM05,2.91
P3PEM06,5
P3PEM07,4.86
P3PEM08,4.59
P3PEM09,5
P3PEM10,2.54
P3PEM11,2.54
P3PEM12,2.54
P4PEM01,2.27
P4PEM02,2.91
P4PEM03,4.73
P4PEM04,3.49
P4PEM05,4.73
P4PEM06,2.13
P4PEM07,2.95
P4PEM08,2.68
P4PEM09,2.54
P4PEM10,3.73
P4PEM11,2.73
P4PEM12,4.61
P5PEM01,2.81
P5PEM02,5
P5PEM03,4.16
P5PEM04,4.73
P5PEM05,4
P5PEM06,4.32
P5PEM07,4.59
P5PEM08,3.86
P5PEM09,2.95
P5PEM10,2.13
P5PEM11,2.6
P5PEM12,2.27
P6PEM01,4.13
P6PEM02,1.81
P6PEM03,3.46
P6PEM04,4
P6PEM05,2.54
P6PEM06,2.13
P6PEM07,4.73
P6PEM08,2.54
P6PEM09,2.81
P6PEM10,2.81
P6PEM11,2.68
P6PEM12,2.68
P7PEM01,2.81
P7PEM02,2.13
P7PEM03,3.18
P7PEM04,2.54
P7PEM05,3.36
P7PEM06,1.81
P7PEM07,2
P7PEM08,5
P7PEM09,1.54
P7PEM10,4.46
P7PEM11,4.18
P7PEM12,2
